name,division,lat,lon,elevation_m,aliases
Bamenda,Mezam,5.9631,10.1591,1400,"bamenda city"
Mankon,Mezam,5.9833,10.15,1400,
Nkwen,Mezam,5.9833,10.1667,1450,
Bafut,Mezam,6.0833,10.1,1450,
Santa,Mezam,5.8333,10.15,1820,
Bali,Mezam,5.8872,10.0119,1350,
Tubah,Mezam,6.0167,10.2,1400,
Bambui,Mezam,5.9833,10.2333,1500,bambili
Mbengwi,Momo,6.0167,9.9833,1150,
Batibo,Momo,5.8333,9.8667,1250,
Widikum,Momo,5.7167,9.7833,800,
Andek,Momo,5.9167,9.9333,1100,
Njikwa,Momo,6.1,9.8,1000,
Ngie,Momo,5.9,9.9167,1200,
Kumbo,Bui,6.2,10.6667,1800,"kimbo;nso"
Jakiri,Bui,6.1,10.65,1600,
Oku,Bui,6.2167,10.5333,2000,
Nkor,Bui,6.2833,10.6833,1500,
Noni,Bui,6.3,10.5667,1400,
Mbiame,Bui,6.2333,10.7833,1600,
Fundong,Boyo,6.25,10.2833,1550,
Njinikom,Boyo,6.2833,10.2333,1600,
Belo,Boyo,6.1333,10.25,1450,
Bum,Boyo,6.3167,10.3167,1500,
Nkambe,Donga-Mantung,6.6333,10.6833,1400,
Nwa,Donga-Mantung,6.4667,10.7167,1300,
Ako,Donga-Mantung,6.7667,10.8,1200,
Misaje,Donga-Mantung,6.55,10.8333,1000,
Binka,Donga-Mantung,6.5667,10.75,1200,
Wum,Menchum,6.3833,10.0667,1050,
Fungom,Menchum,6.4667,10.1333,1100,
Zhoa,Menchum,6.5833,10.15,1200,
Benakuma,Menchum,6.6333,10.2,900,
Mfumte,Menchum,6.55,10.0,1000,
Bafmen,Menchum,6.4,10.1,1100,
Ndop,Ngo-Ketunjia,6.0,10.4167,1200,"ndop plain"
Babessi,Ngo-Ketunjia,5.9833,10.4333,1150,
Balikumbat,Ngo-Ketunjia,5.9,10.45,1100,"bali kumbat"
Bamunka,Ngo-Ketunjia,6.0333,10.3833,1150,
Babungo,Ngo-Ketunjia,6.0333,10.45,1150,
Bafanji,Ngo-Ketunjia,5.9333,10.4167,1100,
Bamali,Ngo-Ketunjia,6.05,10.4167,1150,
Bamessing,Ngo-Ketunjia,5.9667,10.4667,1150,
Baba I,Ngo-Ketunjia,6.0667,10.4333,1150,baba
